"Community","Conductance"
1,0.623062060689851
2,0.549086669757361
3,0.691449937657573
4,0.811643751902944
5,0.815274445592106
6,0.728653762793402
