"Community","Conductance"
1,0.620009782545203
2,0.644204075219998
3,0.621527128485183
4,0.678674534561485
5,0.62238946512014
6,0.647660906903994
